name,age,city
Amy Meyer,3,Kimberlyborough
Amy Jones,10,Davidburgh
Erica King,39,Kerrchester
Lisa Wallace,6,Port Lauren
David Scott,67,South Tonyaside
Barbara Owen,23,Collierton
Carlos Morgan,9,East Kaitlynberg
Miguel Young,53,North Sarahfurt
Stephanie Moore,18,Port John
Daniel Davidson,49,East Sally
Chad Dawson,23,Timothybury
Christopher Nelson,48,New Tara
Billy Coffey,18,Makaylafort
Omar Gould,67,West Katherine
Teresa Monroe,68,Lake Annette
Mallory Nguyen,54,Stephenberg
Kimberly Gonzalez,52,Harrisville
Melissa Dillon,66,Port Adammouth
Zachary Nielsen,47,West Mark
Edwin Poole,21,Scottfurt
Tina Young,52,Michaelshire
Elizabeth Bowen,60,Moranport
Tammie Sanchez,31,South Colleen
Jeffrey Gomez,66,Carrollmouth
Danny Willis MD,57,Kristintown
Luis Flores,39,Peckborough
Mark Martinez,27,Jesseburgh
Deborah Wilson,18,New Aaron
Jamie Salazar,28,North Kevinberg
Amy Fletcher,68,Kendrafort
Jessica Noble,61,West Stevenville
Terry Reese,41,West Kimberly
Michael Garcia,20,Port Jefferyview
Christopher Lin,52,Susanport
Margaret Bradley,53,South Jonathanside
Robin Turner,48,Brandonstad
John Rogers,21,New Jamiestad
Ricky Lopez,36,Lake Mark
Jerome Stephens,64,Danielleberg
Kelly Waters,53,Lake Anthony
Terry Rivera,38,Tamaraborough
Steven Maldonado,35,Kingview
Billy Baker,68,East Michelleborough
Joshua Welch,45,Mirandatown
Erica Davis,32,Stewarttown
George Alvarez,59,Port Karen
John Bruce,19,North Kevin
Alexander Douglas,54,North Angela
Bobby Medina,28,Danielleburgh
Elijah Webb,40,Lake Vincent
Jeremiah Woodard,61,New Donaldton
Joseph Oliver,58,Ortizville
Gregory Bell,29,Herbertburgh
Rebecca Butler,20,Lake Pamelatown
Cassandra Reynolds,69,Washingtonside
Daniel Meza,34,Vasquezton
Katherine Williams,50,South Ruth
Morgan Rivera,18,Lake Karenburgh
Jennifer Brewer,56,Tammybury
Nicholas Harris,37,Bennettstad
Stephen Kemp,64,Port Brandishire
Julian Hebert,60,Brandychester
Christina Miller,69,Markfurt
Elizabeth Wilkins,58,Santosstad
Eddie Jordan,31,Snyderburgh
Nancy Turner,48,Calderonbury
Sandra Alexander,42,West Jonathanburgh
Kimberly Medina,20,Scottburgh
Tammy Gill,21,Jesseberg
Dr. Virginia Wilson,48,South Amandafurt
William Eaton,52,North Leechester
Jill Strickland,61,East Michelle
Becky Barr,31,Ronaldstad
Scott Holmes,66,New Lisaberg
Jason Bailey,58,West Maurice
Daniel Vasquez,26,Andersonmouth
Robert Weeks,37,Wallaceview
Christina Logan,49,South April
Scott Morales,26,Mayofurt
Brandon Leon,44,Williamstown
Dillon Nguyen,20,Carrollburgh
Rachel Kaufman,21,Lake Stephanie
Brett Santiago,62,Parkerville
Deanna Davis,32,Port Katherineberg
Samuel Henderson,50,Williamhaven
Jeffrey Owens,22,East Christinamouth
Sharon Stanley,21,Jonesburgh
Carla Williams,63,South Kevinborough
Joshua Cohen,29,Port Brenda
Jocelyn Little DDS,40,Webbville
Jason Barton,31,East Williamville
Henry Larson,63,West Gail
Cynthia Price,29,Mercedesmouth
Alyssa Lutz,34,West Elizabethfort
Jordan Hall,42,North Katherinehaven
Nicole Flores,47,Port Krististad
Anthony Gates,39,East Adrian
Jerry Rodriguez,64,Woodburgh
Mark Maldonado,43,South Michaelchester
Edward Gomez,34,Washingtonton

